{
    "loss": 16.942462921142578,
    "accuracy": 0.4313725531101227
}