{
    "loss": 5.878433704376221,
    "accuracy": 0.4313725531101227
}